{
  "project_info": {
    "project_number": "954806366116",
    "project_id": "nsbmgo-d1cb2",
    "storage_bucket": "nsbmgo-d1cb2.firebasestorage.app"
  },
  "client": [
    {
      "client_info": {
        "mobilesdk_app_id": "1:954806366116:android:1671ea687e32cd168c9b31",
        "android_client_info": {
          "package_name": "com.example.nsbmgoapp"
        }
      },
      "oauth_client": [],
      "api_key": [
        {
          "current_key": "AIzaSyBFKeAGrNF_gbDvqX_-FpMhBO5bQD-uGew"
        }
      ],
      "services": {
        "appinvite_service": {
          "other_platform_oauth_client": []
        }
      }
    }
  ],
  "configuration_version": "1"
}